helen1%i1xq3w6q5kw;test;helen13%i1xq3w6q5kw
helen2%i1xq3w6q5kw;test;helen15%i1xq3w6q5kw
helen3%i1xq3w6q5kw;test;helen9%i1xq3w6q5kw
helen4%i1xq3w6q5kw;test;helen11%i1xq3w6q5kw
helen5%i1xq3w6q5kw;test;helen1%i1xq3w6q5kw
helen6%i1xq3w6q5kw;test;helen19%i1xq3w6q5kw
helen7%i1xq3w6q5kw;test;helen5%i1xq3w6q5kw
helen8%i1xq3w6q5kw;test;helen12%i1xq3w6q5kw
helen9%i1xq3w6q5kw;test;helen3%i1xq3w6q5kw
helen10%i1xq3w6q5kw;test;helen15%i1xq3w6q5kw
helen11%i1xq3w6q5kw;test;helen13%i1xq3w6q5kw
helen12%i1xq3w6q5kw;test;helen16%i1xq3w6q5kw
helen13%i1xq3w6q5kw;test;helen17%i1xq3w6q5kw
helen14%i1xq3w6q5kw;test;helen1%i1xq3w6q5kw
helen15%i1xq3w6q5kw;test;helen1%i1xq3w6q5kw
helen16%i1xq3w6q5kw;test;helen13%i1xq3w6q5kw
helen17%i1xq3w6q5kw;test;helen1%i1xq3w6q5kw
helen18%i1xq3w6q5kw;test;helen6%i1xq3w6q5kw
helen19%i1xq3w6q5kw;test;helen10%i1xq3w6q5kw
helen20%i1xq3w6q5kw;test;helen10%i1xq3w6q5kw
